<?xml version="1.0" encoding="UTF-8"?>
<project-private xmlns="http://www.netbeans.org/ns/project-private/1">
    <editor-bookmarks xmlns="http://www.netbeans.org/ns/editor-bookmarks/2" lastBookmarkId="0"/>
    <open-files xmlns="http://www.netbeans.org/ns/projectui-open-files/2">
        <group>
            <file>file:/C:/Users/PC/Desktop/network/src/codebreaker/ClientHandler.java</file>
            <file>file:/C:/Users/PC/Desktop/network/src/codebreaker/GameClient.java</file>
            <file>file:/C:/Users/PC/Desktop/network/src/codebreaker/GameRoom.java</file>
            <file>file:/C:/Users/PC/Desktop/network/src/codebreaker/GameServer.java</file>
            <file>file:/C:/Users/PC/Desktop/network/src/codebreaker/GameState.java</file>
        </group>
    </open-files>
</project-private>
